ID	TYPE	ALLELE	BETA	GRCH37	GRCH38
rs6679677	Non-HLA	A	0.64	chr1-114303808-C-A	chr1-113761186-C-A
rs3024505	Non-HLA	A	-0.15	chr1-206939904-G-A	chr1-206766559-G-A
rs2111485	Non-HLA	G	0.16	chr2-163110536-A-G	chr2-162254026-A-G
rs3087243	Non-HLA	A	-0.17	chr2-204738919-G-A	chr2-203874196-G-A
rs17388568	Non-HLA	A	0.12	chr4-123329362-G-A	chr4-122408207-G-A
rs9500974	HLA	T	0.63	chr6-29728253-G-T	chr6-29760476-G-T
rs1233320	HLA	G	0.74	chr6-29808032-C-G	chr6-29840255-C-G
rs72848653	HLA	T	0.78	chr6-29836602-C-T	chr6-29868825-C-T
rs9259118	HLA	T	0.31	chr6-29850909-T-C	chr6-29883132-T-C
rs12153924	HLA	A	0.44	chr6-29914089-G-A	chr6-29946312-G-A
rs12189871	HLA	T	0.45	chr6-31251924-C-T	chr6-31284147-C-T
rs540653847	HLA	GC	1.78	chr6-31274793-G-GC	chr6-31307016-G-GC
rs9266268	HLA	A	0.39	chr6-31326050-G-A	chr6-31358273-G-A
rs16899379	HLA	A	-0.83	chr6-31343267-G-A	chr6-31375490-G-A
rs149663102	HLA	T	-0.94	chr6-31344182-TG-T	chr6-31376405-TG-T
rs2524277	HLA	A	-0.6	chr6-31407579-G-A	chr6-31439802-G-A
rs9268500	HLA	C	1.24	chr6-32376517-C-T	chr6-32408740-C-T
rs17840116	HLA-DQ69	C	-0.629522264	chr6-32382998-G-C	chr6-32415221-G-C
rs75658393	HLA	T	0.81	chr6-32395517-T-C	chr6-32427740-T-C
rs9269173	HLA	A	0.67	chr6-32447188-T-A	chr6-32479411-T-A
rs9271347	HLA	G	1.69	chr6-32583543-A-G	chr6-32615766-A-G
rs1281935	HLA-DQ73	T	-0.645766009	chr6-32583820-G-T	chr6-32616043-G-T
rs1281943	HLA	C	0.9	chr6-32598090-T-C	chr6-32630313-T-C
rs9405117	HLA-DQ93	A	1.391622143	chr6-32602751-C-A	chr6-32634974-C-A
rs9469200	HLA-DQ75	C	-1.322737947	chr6-32603212-T-C	chr6-32635435-T-C
rs9273032	HLA-DQ62	A	-1.426890964	chr6-32611860-A-G	chr6-32644083-A-G
rs17211699	HLA-DQ22	T	-0.753711742	chr6-32626037-G-T	chr6-32658260-G-T
rs117806464	HLA-DQ61	A	0.479640792	chr6-32626447-G-A	chr6-32658670-G-A
rs9273369	HLA-DQ25	C	1.262934491	chr6-32626484-T-C	chr6-32658707-T-C
rs28746898	HLA-DQ92	G	-2.35527726	chr6-32648594-A-G	chr6-32680817-A-G
rs62406889	HLA-DQ63	T	-2.216390883	chr6-32672214-G-T	chr6-32704437-G-T
rs9275490	HLA-DQ81	G	2.078322791	chr6-32673385-C-G	chr6-32705608-C-G
rs1794265	HLA-DQ53	G	-0.88501835	chr6-32674737-C-G	chr6-32706960-C-G
rs10947332	HLA-DQ51	A	-0.029482468	chr6-32677440-G-A	chr6-32709663-G-A
rs12527228	HLA-DQ42	T	-0.460923538	chr6-32679992-C-T	chr6-32712215-C-T
rs6934289	HLA	C	-0.68	chr6-33044956-T-C	chr6-33077179-T-C
rs17214657	HLA	C	-0.19	chr6-33047173-T-C	chr6-33079396-T-C
rs2567287	HLA	A	0.84	chr6-33049185-G-A	chr6-33081408-G-A
rs9378176	HLA	G	-0.49	chr6-33049309-A-G	chr6-33081532-A-G
rs3129197	HLA	A	0.24	chr6-33070907-G-A	chr6-33103130-G-A
rs72928038	Non-HLA	A	0.18	chr6-90976768-G-A	chr6-90267049-G-A
rs9388489	Non-HLA	A	0.16	chr6-126698719-A-G	chr6-126377573-A-G
rs1738074	Non-HLA	C	0.08	chr6-159465977-T-C	chr6-159044945-T-C
rs4948088	Non-HLA	C	0.26	chr7-51027194-A-C	chr7-50959497-A-C
rs6476839	Non-HLA	T	0.11	chr9-4290823-A-T	chr9-4290823-A-T
rs61839660	Non-HLA	T	-0.48	chr10-6094697-C-T	chr10-6052734-C-T
rs41295121	Non-HLA	T	-0.71	chr10-6129643-C-T	chr10-6087680-C-T
rs60888743	Non-HLA	A	0.18	chr10-90051317-A-G	chr10-88291560-A-G
rs3842753	Non-HLA	G	0.83	chr11-2181060-T-G	chr11-2159830-T-G
rs10492166	Non-HLA	A	-0.14	chr12-9885999-G-A	chr12-9733403-G-A
rs11170466	Non-HLA	T	0.17	chr12-53585859-C-T	chr12-53192075-C-T
rs4759229	Non-HLA	A	0.22	chr12-56474480-A-G	chr12-56080696-A-G
rs653178	Non-HLA	C	0.26	chr12-112007756-C-T	chr12-111569952-C-T
rs9585056	Non-HLA	C	0.11	chr13-100081766-C-T	chr13-99429512-C-T
rs56994090	Non-HLA	C	-0.13	chr14-101306447-T-C	chr14-100840110-T-C
rs72727394	Non-HLA	T	0.14	chr15-38847022-C-T	chr15-38554821-C-T
rs2289702	Non-HLA	C	0.28	chr15-79237293-C-T	chr15-78944951-C-T
rs12708716	Non-HLA	G	-0.19	chr16-11179873-A-G	chr16-11086016-A-G
rs9924471	Non-HLA	A	0.22	chr16-28591530-G-A	chr16-28580209-G-A
rs1893217	Non-HLA	G	0.19	chr18-12809340-A-G	chr18-12809341-A-G
rs1615504	Non-HLA	C	0.12	chr18-67526644-T-C	chr18-69859408-T-C
rs144309607	Non-HLA	T	-0.4	chr19-10492274-C-T	chr19-10381598-C-T
rs425105	Non-HLA	T	0.15	chr19-47208481-T-C	chr19-46705224-T-C
rs2281808	Non-HLA	C	0.1	chr20-1610551-T-C	chr20-1629905-T-C
rs9981624	Non-HLA	C	0.17	chr21-43825722-G-C	chr21-42405613-G-C
rs5763779	Non-HLA	A	0.15	chr22-30504652-A-G	chr22-30108663-A-G
rs229541	Non-HLA	A	0.1	chr22-37591318-G-A	chr22-37195278-G-A
