1:114303808	rs6679677	C	A
1:206939904	rs3024505	G	A
2:163110536	rs2111485	A	G
2:204738919	rs3087243	G	A
4:123329362	rs17388568	G	A
6:29728253	rs9500974	G	T
6:29808032	rs1233320	C	G
6:29836602	rs72848653	C	T
6:29842467	rs9259013	T	A
6:29914089	rs12153924	G	A
6:31251924	rs12189871	C	T
6:31274793	rs540653847	G	GC
6:31326050	rs9266268	G	A
6:31343267	rs16899379	G	A
6:31344182	rs149663102	TG	T
6:31407579	rs2524277	G	A
6:32376517	rs9268500	C	T
6:32382998	rs17840116	G	C
6:32395517	rs75658393	T	C
6:32447188	rs9269173	T	A
6:32583820	rs1281935	G	T
6:32583860	rs9271351	C	G
6:32584382	rs1281934	A	G
6:32602751	rs9405117	C	A
6:32603212	rs9469200	T	C
6:32612301	rs9273076	T	C
6:32623223	rs2395228	A	C
6:32626447	rs117806464	G	A
6:32627713	rs1049124	G	A
6:32648594	rs28746898	A	G
6:32672214	rs62406889	G	T
6:32673385	rs9275490	C	G
6:32674737	rs1794265	C	G
6:32677440	rs10947332	G	A
6:32679992	rs12527228	C	T
6:33044956	rs6934289	T	C
6:33047173	rs17214657	T	C
6:33049185	rs2567287	G	A
6:33049309	rs9378176	A	G
6:33070907	rs3129197	G	A
6:90976768	rs72928038	G	A
6:126698719	rs9388489	A	G
6:159465977	rs1738074	T	C
7:51027194	rs4948088	A	C
9:4290823	rs6476839	A	T
10:6094697	rs61839660	C	T
10:6129643	rs41295121	C	T
10:90051317	rs60888743	A	G
11:2181060	rs3842753	T	G
12:9885999	rs10492166	G	A
12:53585859	rs11170466	C	T
12:56474480	rs4759229	A	G
12:112007756	rs653178	C	T
13:100081766	rs9585056	C	T
14:101306447	rs56994090	T	C
15:38847022	rs72727394	C	T
15:79237293	rs2289702	C	T
16:11179873	rs12708716	A	G
16:28591530	rs9924471	G	A
18:12809340	rs1893217	A	G
18:67526644	rs1615504	T	C
19:10492274	rs144309607	C	T
19:47208481	rs425105	T	C
20:1610551	rs2281808	T	C
21:43825722	rs9981624	G	C
22:30504652	rs5763779	A	G
22:37591318	rs229541	G	A
